Player,Agents,Rnd,R2.0,ACS,K:D,KAST,ADR,KPR,APR,FKPR,FDPR,HS%,CL%,CL,KMax,K,D,A,FK,FD,Event
CHICHOOEDG,(+1),313,1.23,235.6,1.27,71%,158.1,0.87,0.28,0.08,0.07,28%,22%,11/51,36,271,213,87,24,22,Masters Bangkok 2025
nAtsTL,,155,1.21,257.6,1.32,72%,155.1,0.91,0.19,0.09,0.12,26%,13%,3/23,25,141,107,29,14,18,Masters Bangkok 2025
trentG2,,360,1.21,220.0,1.21,75%,146.9,0.76,0.32,0.09,0.09,25%,29%,14/48,26,274,226,116,31,31,Masters Bangkok 2025
DerkeVIT,,225,1.18,257.2,1.20,70%,166.8,0.91,0.17,0.20,0.20,22%,31%,5/16,32,204,170,38,46,45,Masters Bangkok 2025
iZuT1,(+1),453,1.13,207.1,1.24,75%,130.6,0.75,0.21,0.11,0.09,30%,31%,19/61,21,341,276,96,48,40,Masters Bangkok 2025
free1ngDRX,,149,1.10,227.3,1.16,77%,146.9,0.79,0.26,0.12,0.11,29%,7%,1/15,24,117,101,38,18,16,Masters Bangkok 2025
keikoTL,(+1),155,1.09,198.9,1.09,77%,137.7,0.75,0.34,0.10,0.08,30%,10%,2/20,31,117,107,52,15,12,Masters Bangkok 2025
trexxVIT,(+1),225,1.09,207.3,1.02,72%,134.3,0.68,0.44,0.05,0.05,19%,9%,3/32,28,153,150,98,12,11,Masters Bangkok 2025
BeYNDRX,,149,1.08,182.4,1.03,78%,117.3,0.64,0.44,0.06,0.07,25%,21%,4/19,17,95,92,65,9,10,Masters Bangkok 2025
BuZzT1,(+1),453,1.08,239.5,1.12,72%,150.4,0.82,0.24,0.17,0.14,17%,20%,6/30,26,370,331,107,78,62,Masters Bangkok 2025
valynG2,,360,1.08,186.8,1.06,76%,122.1,0.68,0.44,0.08,0.08,23%,14%,5/37,26,244,231,158,29,27,Masters Bangkok 2025
leafG2,,360,1.06,207.3,1.09,74%,137.5,0.74,0.25,0.11,0.10,24%,12%,5/41,28,267,244,91,38,36,Masters Bangkok 2025
N4RRATESEN,(+1),103,1.05,202.4,0.97,76%,148.4,0.73,0.39,0.13,0.04,27%,13%,2/15,33,75,77,40,13,4,Masters Bangkok 2025
MeteorT1,(+2),453,1.04,229.0,1.09,71%,152.8,0.81,0.23,0.17,0.11,33%,16%,7/45,30,366,337,103,75,50,Masters Bangkok 2025
LessVIT,(+1),225,1.03,197.1,1.03,68%,128.8,0.72,0.31,0.06,0.12,29%,20%,6/30,23,163,159,69,14,26,Masters Bangkok 2025
jawgemoG2,,360,1.03,218.5,1.06,71%,142.9,0.77,0.29,0.13,0.18,23%,38%,9/24,29,277,262,104,47,64,Masters Bangkok 2025
SylvanT1,,408,1.02,186.1,0.97,77%,114.6,0.64,0.64,0.08,0.04,27%,17%,7/42,25,260,267,262,31,18,Masters Bangkok 2025
ZmjjKKEDG,(+1),313,1.01,236.2,1.04,70%,151.0,0.83,0.19,0.21,0.22,23%,4%,1/27,33,260,249,59,66,70,Masters Bangkok 2025
staxT1,(+2),453,1.01,173.6,1.01,74%,120.3,0.63,0.34,0.04,0.04,31%,17%,10/59,22,284,282,154,20,20,Masters Bangkok 2025
SmoggyEDG,(+1),313,1.01,191.1,0.93,74%,124.6,0.65,0.49,0.10,0.06,30%,20%,9/45,24,203,219,152,30,20,Masters Bangkok 2025
FlashbackDRX,,149,1.00,180.4,1.00,71%,126.4,0.68,0.17,0.09,0.07,26%,8%,2/25,26,101,101,26,13,11,Masters Bangkok 2025
kamoTL,(+1),155,0.99,215.0,1.02,66%,144.5,0.75,0.15,0.18,0.17,27%,13%,2/15,34,117,115,23,28,27,Masters Bangkok 2025
JonahPG2,,360,0.98,187.6,0.93,78%,119.3,0.65,0.46,0.08,0.07,24%,9%,4/44,21,235,254,164,30,26,Masters Bangkok 2025
KicksVIT,,225,0.94,174.3,0.93,73%,115.0,0.63,0.36,0.05,0.11,27%,22%,6/27,20,142,153,82,11,25,Masters Bangkok 2025
nobodyEDG,,313,0.94,180.1,0.90,71%,123.9,0.62,0.23,0.09,0.09,30%,4%,1/24,25,195,216,71,27,27,Masters Bangkok 2025
bangSEN,,103,0.93,186.0,0.91,68%,113.8,0.65,0.32,0.11,0.11,31%,25%,2/8,22,67,74,33,11,11,Masters Bangkok 2025
KaiTE,,74,0.92,200.8,0.87,62%,128.6,0.73,0.12,0.14,0.12,31%,8%,1/13,20,54,62,9,10,9,Masters Bangkok 2025
zekkenSEN,,103,0.92,196.6,0.99,69%,135.1,0.70,0.11,0.16,0.23,29%,14%,1/7,25,72,73,11,16,24,Masters Bangkok 2025
MaKoDRX,,149,0.92,173.3,0.83,74%,118.4,0.57,0.48,0.05,0.11,24%,13%,2/15,25,85,103,72,8,16,Masters Bangkok 2025
HYUNMINDRX,,149,0.90,205.9,0.89,71%,134.0,0.72,0.22,0.17,0.15,32%,,0/7,23,108,121,33,25,23,Masters Bangkok 2025
kamykTL,(+1),155,0.86,180.3,0.85,74%,118.3,0.61,0.25,0.06,0.06,31%,10%,2/21,23,95,112,38,9,9,Masters Bangkok 2025
BiankTE,,74,0.85,166.8,0.72,59%,115.6,0.55,0.24,0.07,0.08,19%,22%,2/9,14,41,57,18,5,6,Masters Bangkok 2025
S1MonEDG,,313,0.83,151.5,0.75,71%,100.7,0.54,0.42,0.03,0.06,30%,17%,6/35,19,169,225,133,9,18,Masters Bangkok 2025
johnqtSEN,,103,0.82,159.8,0.79,75%,105.3,0.59,0.25,0.04,0.06,19%,,0/13,18,61,77,26,4,6,Masters Bangkok 2025
ZellsisSEN,,103,0.77,159.8,0.63,70%,109.3,0.50,0.39,0.05,0.09,19%,,0/20,17,51,81,40,5,9,Masters Bangkok 2025
SayfVIT,(+1),225,0.75,155.9,0.74,69%,100.1,0.53,0.25,0.07,0.09,22%,9%,2/22,18,119,160,56,15,20,Masters Bangkok 2025
LuoK1ngTE,,74,0.74,155.8,0.67,66%,105.2,0.54,0.31,0.05,0.07,34%,,0/16,13,40,60,23,4,5,Masters Bangkok 2025
paTiTekTL,(+2),155,0.73,144.0,0.65,70%,97.8,0.47,0.43,0.06,0.08,25%,7%,1/15,18,73,112,67,10,13,Masters Bangkok 2025
heybayTE,,74,0.69,134.3,0.54,59%,89.7,0.42,0.30,0.07,0.09,26%,,0/8,12,31,57,22,5,7,Masters Bangkok 2025
carpeT1,,45,0.63,140.5,0.57,67%,92.1,0.44,0.38,0.09,0.13,27%,25%,1/4,14,20,35,17,4,6,Masters Bangkok 2025
FengFTE,,74,0.55,151.0,0.56,57%,104.6,0.47,0.16,0.11,0.20,21%,13%,1/8,14,35,63,12,8,15,Masters Bangkok 2025
t3xtureGEN,,255,1.23,258.2,1.44,74%,159.5,0.94,0.19,0.21,0.17,28%,37%,7/19,27,239,166,48,54,43,Masters Toronto 2025
SpringWOL,,349,1.21,244.1,1.23,74%,160.1,0.85,0.32,0.13,0.09,29%,7%,2/29,26,295,240,111,47,31,Masters Toronto 2025
VernoMIBR,,71,1.18,230.5,1.02,70%,157.6,0.79,0.30,0.04,0.04,28%,14%,3/22,19,56,55,21,3,3,Masters Toronto 2025
AlfajerFNC,(+3),419,1.17,257.9,1.30,73%,167.6,0.94,0.14,0.17,0.11,32%,12%,4/33,29,392,301,60,73,45,Masters Toronto 2025
zekkenSEN,(+2),249,1.17,237.5,1.21,74%,147.2,0.81,0.26,0.19,0.21,24%,17%,3/18,27,202,167,65,47,53,Masters Toronto 2025
trentG2,,198,1.17,214.2,1.22,81%,138.0,0.77,0.25,0.10,0.07,35%,13%,4/30,22,152,125,49,19,13,Masters Toronto 2025
leafG2,,198,1.15,230.3,1.21,75%,148.6,0.81,0.26,0.08,0.08,24%,29%,10/35,24,161,133,51,15,16,Masters Toronto 2025
ChronicleFNC,(+2),419,1.13,207.6,1.18,72%,141.1,0.72,0.30,0.08,0.06,26%,14%,7/51,27,302,257,127,35,25,Masters Toronto 2025
whzyBLG,,179,1.13,253.1,1.21,68%,155.5,0.89,0.16,0.19,0.17,28%,13%,2/16,29,160,132,29,34,31,Masters Toronto 2025
f0rsakeNPRX,(+1),387,1.12,208.9,1.06,74%,137.5,0.72,0.40,0.10,0.08,26%,31%,9/29,25,280,263,156,37,31,Masters Toronto 2025
JingggPRX,,387,1.10,229.1,1.15,73%,151.9,0.78,0.26,0.14,0.13,23%,8%,2/25,26,303,264,100,54,50,Masters Toronto 2025
keikoTL,(+1),187,1.10,199.3,1.17,72%,132.9,0.76,0.17,0.09,0.07,45%,13%,4/31,29,142,121,32,16,13,Masters Toronto 2025
N4RRATESEN,(+1),249,1.08,219.5,1.06,75%,140.1,0.74,0.34,0.06,0.09,24%,25%,5/20,21,185,174,85,16,23,Masters Toronto 2025
d4v41PRX,(+1),387,1.07,189.4,1.12,73%,131.7,0.72,0.23,0.05,0.07,26%,10%,6/61,29,277,247,88,21,26,Masters Toronto 2025
happyweiXLG,,75,1.06,223.0,0.97,61%,147.0,0.76,0.17,0.16,0.15,45%,12%,2/17,20,57,59,13,12,11,Masters Toronto 2025
kaajakFNC,(+1),419,1.06,218.3,1.13,71%,141.5,0.78,0.16,0.19,0.16,35%,18%,7/39,32,327,290,66,79,65,Masters Toronto 2025
rushiaBLG,,179,1.03,201.9,0.99,72%,130.6,0.70,0.38,0.12,0.08,27%,10%,2/21,23,126,127,68,22,15,Masters Toronto 2025
KaronGEN,,255,1.03,189.3,1.09,76%,125.6,0.69,0.32,0.09,0.09,31%,11%,4/35,24,176,161,81,22,23,Masters Toronto 2025
crashiesFNC,,419,1.03,181.8,1.07,74%,126.4,0.65,0.29,0.05,0.03,34%,10%,5/51,26,273,254,120,20,11,Masters Toronto 2025
AshGEN,,255,1.02,173.9,1.05,74%,118.3,0.62,0.22,0.05,0.03,31%,15%,5/33,19,158,150,57,14,7,Masters Toronto 2025
PatMenPRX,,387,1.01,193.0,1.02,73%,124.2,0.68,0.32,0.06,0.08,31%,24%,10/41,22,263,257,123,24,32,Masters Toronto 2025
pennyTL,(+1),121,1.00,188.4,0.98,73%,131.3,0.67,0.29,0.12,0.10,20%,22%,2/9,30,81,83,35,15,12,Masters Toronto 2025
MunchkinGEN,,255,0.99,207.8,1.02,72%,134.1,0.68,0.35,0.10,0.10,22%,5%,1/19,21,174,170,90,25,26,Masters Toronto 2025
bangSEN,,249,0.99,188.1,0.99,72%,112.5,0.69,0.33,0.08,0.08,34%,14%,3/21,19,171,172,83,21,19,Masters Toronto 2025
johnqtSEN,(+1),249,0.99,166.3,0.94,77%,109.7,0.59,0.38,0.05,0.07,26%,8%,3/36,18,147,156,95,13,17,Masters Toronto 2025
ZellsisSEN,(+1),249,0.99,173.6,0.95,70%,118.2,0.61,0.28,0.07,0.09,21%,12%,4/33,20,152,160,69,17,23,Masters Toronto 2025
jawgemoG2,,198,0.98,217.1,1.00,72%,143.7,0.73,0.25,0.16,0.19,23%,,0/11,19,144,144,50,32,38,Masters Toronto 2025
MonyetRRQ,,100,0.97,196.4,0.89,67%,130.3,0.66,0.31,0.05,0.13,26%,,0/9,17,66,74,31,5,13,Masters Toronto 2025
somethingPRX,(+1),387,0.96,192.2,1.00,73%,123.9,0.68,0.20,0.14,0.15,25%,8%,3/39,22,265,265,78,54,58,Masters Toronto 2025
kamoTL,(+2),187,0.96,210.8,0.99,70%,141.9,0.75,0.20,0.16,0.17,35%,20%,1/5,26,140,141,38,30,32,Masters Toronto 2025
JuicyWOL,,349,0.95,212.0,1.00,67%,139.5,0.74,0.19,0.19,0.17,25%,31%,5/16,23,260,260,65,65,61,Masters Toronto 2025
Wo0tTH,(+1),81,0.94,183.0,0.86,68%,118.9,0.63,0.36,0.10,0.15,34%,10%,1/10,17,51,59,29,8,12,Masters Toronto 2025
nephhBLG,(+1),179,0.93,178.6,0.87,72%,117.9,0.59,0.46,0.07,0.08,22%,17%,3/18,21,106,122,82,12,14,Masters Toronto 2025
valynG2,,198,0.93,172.1,0.86,75%,109.6,0.61,0.37,0.07,0.08,22%,6%,1/18,20,121,140,73,14,16,Masters Toronto 2025
JonahPG2,,198,0.93,178.8,0.90,76%,113.2,0.61,0.39,0.04,0.14,24%,8%,1/13,20,120,133,77,8,27,Masters Toronto 2025
LysoarWOL,(+2),349,0.91,174.5,0.88,72%,112.1,0.60,0.33,0.08,0.06,25%,13%,5/38,19,211,241,115,28,22,Masters Toronto 2025
SiuFatBBWOL,,349,0.91,151.1,0.88,70%,99.9,0.54,0.25,0.03,0.05,28%,23%,15/65,17,190,217,88,12,16,Masters Toronto 2025
paTiTekTL,,187,0.91,183.1,0.88,72%,117.7,0.61,0.21,0.09,0.07,27%,8%,2/24,23,114,130,39,17,14,Masters Toronto 2025
LeviusBLG,(+1),179,0.90,158.1,0.94,70%,111.4,0.59,0.16,0.03,0.11,23%,,0/26,19,105,112,28,5,19,Masters Toronto 2025
xfferoRRQ,,100,0.90,175.2,0.89,65%,118.8,0.64,0.17,0.07,0.07,32%,8%,1/13,15,64,72,17,7,7,Masters Toronto 2025
YuicawWOL,(+2),349,0.89,175.0,0.89,63%,117.3,0.62,0.19,0.09,0.10,27%,9%,4/47,24,218,244,68,33,34,Masters Toronto 2025
Foxy9GEN,,255,0.88,179.2,0.98,71%,111.6,0.65,0.18,0.08,0.08,32%,28%,7/25,21,167,170,46,20,21,Masters Toronto 2025
KushyRRQ,,100,0.88,174.0,0.86,70%,114.0,0.62,0.22,0.01,0.05,39%,17%,2/12,23,62,72,22,1,5,Masters Toronto 2025
nAtsTL,,111,0.88,186.0,0.88,74%,121.2,0.64,0.20,0.08,0.05,28%,12%,2/17,18,71,81,22,9,6,Masters Toronto 2025
RargaXLG,,75,0.86,217.0,0.88,64%,136.1,0.76,0.16,0.20,0.25,41%,33%,2/6,20,57,65,12,15,19,Masters Toronto 2025
RieNsTH,,81,0.85,191.5,0.84,63%,125.0,0.63,0.25,0.09,0.12,28%,,0/7,17,51,61,20,7,10,Masters Toronto 2025
benjyfishyTH,,81,0.85,178.8,0.85,62%,119.9,0.63,0.11,0.12,0.06,30%,17%,2/12,18,51,60,9,10,5,Masters Toronto 2025
JemkinRRQ,,100,0.85,196.8,0.88,66%,138.2,0.69,0.14,0.21,0.16,33%,,0/5,19,69,78,14,21,16,Masters Toronto 2025
BoasterFNC,,419,0.84,143.4,0.76,72%,94.4,0.47,0.36,0.08,0.08,25%,9%,3/35,21,199,261,149,33,33,Masters Toronto 2025
KnightBLG,,179,0.83,149.1,0.81,69%,105.0,0.51,0.23,0.06,0.09,26%,7%,1/15,18,92,113,42,11,16,Masters Toronto 2025
SerialTL,(+1),142,0.83,155.2,0.84,66%,103.1,0.57,0.16,0.09,0.07,45%,32%,6/19,20,81,97,23,13,10,Masters Toronto 2025
BooTH,,81,0.76,139.5,0.70,62%,86.7,0.48,0.43,0.02,0.10,38%,6%,1/17,14,39,56,35,2,8,Masters Toronto 2025
crazyguyRRQ,,100,0.75,144.2,0.65,64%,90.7,0.47,0.34,0.11,0.14,25%,9%,2/22,11,47,72,34,11,14,Masters Toronto 2025
MiniBooTH,,81,0.74,167.5,0.81,60%,105.6,0.64,0.09,0.12,0.11,31%,,0/8,19,52,64,7,10,9,Masters Toronto 2025
xenomMIBR,,71,0.71,148.3,0.65,63%,101.7,0.55,0.15,0.06,0.14,35%,,0/12,15,39,60,11,4,10,Masters Toronto 2025
corteziaMIBR,,71,0.69,164.0,0.66,59%,115.2,0.55,0.17,0.10,0.14,33%,,0/10,12,39,59,12,7,10,Masters Toronto 2025
VivaXLG,,75,0.67,147.0,0.51,59%,107.6,0.44,0.28,0.05,0.03,27%,,0/16,11,33,65,21,4,2,Masters Toronto 2025
coconutXLG,,75,0.65,128.3,0.57,65%,82.6,0.45,0.29,0.01,0.08,26%,23%,3/13,12,34,60,22,1,6,Masters Toronto 2025
MidiXLG,,75,0.59,132.0,0.58,61%,88.8,0.48,0.19,0.04,0.03,34%,,0/5,14,36,62,14,3,2,Masters Toronto 2025
aspasMIBR,,71,0.53,129.8,0.53,59%,88.8,0.44,0.17,0.07,0.21,18%,20%,1/5,10,31,59,12,5,15,Masters Toronto 2025
artzinMIBR,,71,0.51,121.5,0.52,66%,86.3,0.44,0.25,0.04,0.15,26%,,0/5,12,31,60,18,3,11,Masters Toronto 2025
tariktarik,,20,,,0.94,,,0.85,0.30,,,,,,17,17,18,6,0,0,Masters Toronto 2025
Kyedaetarik,,20,,,1.00,,,0.75,0.40,,,,,,15,15,15,8,0,0,Masters Toronto 2025
joshsekitarik,,20,,,0.63,,,0.50,0.35,,,,,,10,10,16,7,0,0,Masters Toronto 2025
Vinnietarik,,20,,,0.87,,,0.65,0.20,,,,,,13,13,15,4,0,0,Masters Toronto 2025
Yvonnietarik,,20,,,0.40,,,0.30,0.35,,,,,,6,6,15,7,0,0,Masters Toronto 2025
Disguised ToastTeam,,20,,,1.00,,,0.60,0.25,,,,,,12,12,12,5,0,0,Masters Toronto 2025
JacobTeam,,20,,,0.46,,,0.30,0.25,,,,,,6,6,13,5,0,0,Masters Toronto 2025
meLTeam,,20,,,2.56,,,1.15,0.55,,,,,,23,23,9,11,0,0,Masters Toronto 2025
SidsityTeam,,20,,,1.25,,,0.75,0.20,,,,,,15,15,12,4,0,0,Masters Toronto 2025
TenZTeam,,20,,,1.71,,,1.20,0.20,,,,,,24,24,14,4,0,0,Masters Toronto 2025
aspasMIBR,(+1),330,1.33,261.6,1.66,79%,164.7,0.97,0.13,0.20,0.07,26%,8%,2/26,32,319,192,44,67,23,Champions 2025
RieNsTH,,256,1.17,226.1,1.14,73%,148.9,0.79,0.33,0.07,0.05,34%,20%,7/35,23,203,178,85,18,12,Champions 2025
brawkNRG,,377,1.16,224.6,1.17,76%,144.7,0.73,0.34,0.07,0.06,17%,9%,4/47,28,275,236,128,26,23,Champions 2025
kaajakFNC,(+1),453,1.15,228.4,1.20,71%,148.2,0.82,0.20,0.21,0.13,32%,13%,4/30,30,372,311,90,95,59,Champions 2025
johnqtSEN,,126,1.14,187.0,1.13,79%,118.7,0.67,0.27,0.04,0.04,33%,9%,2/22,17,85,75,34,5,5,Champions 2025
SmoggyEDG,,119,1.13,206.0,1.09,77%,135.3,0.74,0.40,0.09,0.04,25%,17%,4/23,26,88,81,48,11,5,Champions 2025
leafG2,(+1),268,1.11,222.8,1.13,71%,151.5,0.79,0.26,0.11,0.09,21%,15%,5/33,30,213,188,69,30,24,Champions 2025
somethingPRX,,356,1.10,220.4,1.17,72%,141.0,0.79,0.26,0.16,0.13,25%,13%,5/38,28,281,240,94,57,48,Champions 2025
KnightBLG,,95,1.10,196.8,0.97,67%,135.4,0.68,0.28,0.08,0.09,26%,12%,2/17,20,65,67,27,8,9,Champions 2025
skubaNRG,(+1),377,1.09,190.1,1.17,76%,124.9,0.71,0.25,0.06,0.06,30%,21%,12/58,28,266,228,94,21,24,Champions 2025
SpiritZ1DRG,,98,1.08,237.0,1.03,79%,155.7,0.82,0.33,0.21,0.11,30%,,0/2,27,80,78,32,21,11,Champions 2025
NoManXLG,(+3),157,1.08,221.4,1.18,73%,140.7,0.78,0.19,0.10,0.10,32%,5%,1/19,23,123,104,30,16,16,Champions 2025
corteziaMIBR,(+1),330,1.08,196.4,1.27,75%,130.2,0.72,0.21,0.11,0.07,33%,8%,3/40,25,237,186,68,35,22,Champions 2025
CloudGX,,261,1.07,202.5,1.02,70%,135.2,0.69,0.33,0.07,0.06,29%,7%,3/43,23,179,176,85,18,16,Champions 2025
ChronicleFNC,(+1),453,1.07,204.2,1.07,70%,138.7,0.72,0.28,0.09,0.08,29%,7%,4/60,31,326,304,125,42,35,Champions 2025
AlfajerFNC,(+3),391,1.06,211.7,1.14,69%,141.3,0.76,0.18,0.14,0.10,34%,5%,2/40,25,299,263,72,53,41,Champions 2025
jawgemoG2,,268,1.05,230.4,1.09,68%,141.7,0.80,0.20,0.20,0.14,28%,19%,6/31,28,214,196,54,53,38,Champions 2025
JingggPRX,,356,1.05,224.3,1.10,74%,146.0,0.78,0.24,0.12,0.13,22%,12%,3/25,28,278,252,84,43,47,Champions 2025
VernoMIBR,,330,1.05,199.3,1.15,76%,129.3,0.67,0.33,0.10,0.06,25%,17%,4/24,22,220,191,110,32,19,Champions 2025
ZmjjKKEDG,,119,1.04,237.4,1.08,62%,143.5,0.82,0.18,0.21,0.19,24%,,0/15,23,97,90,22,25,23,Champions 2025
iZuT1,,148,1.04,212.2,1.09,70%,124.8,0.76,0.15,0.14,0.10,26%,21%,4/19,22,113,104,22,21,15,Champions 2025
MeteorT1,,148,1.04,219.0,0.96,68%,144.2,0.74,0.18,0.17,0.07,36%,11%,3/27,29,110,114,26,25,11,Champions 2025
FlashbackDRX,,477,1.04,223.2,1.12,66%,144.3,0.80,0.16,0.17,0.16,24%,10%,3/30,26,380,338,78,80,78,Champions 2025
valynG2,,268,1.03,192.3,0.97,75%,124.1,0.65,0.37,0.09,0.07,26%,14%,3/21,21,173,179,100,24,20,Champions 2025
f0rsakeNPRX,,356,1.03,213.1,1.04,73%,135.5,0.75,0.42,0.09,0.12,31%,17%,5/29,28,266,257,149,31,44,Champions 2025
Wo0tTH,(+2),256,1.03,209.9,1.05,71%,138.2,0.75,0.16,0.13,0.12,30%,26%,7/27,25,193,183,40,34,30,Champions 2025
happyweiXLG,,157,1.03,216.4,1.06,70%,145.8,0.75,0.32,0.10,0.15,39%,10%,2/21,24,118,111,50,15,23,Champions 2025
HYUNMINDRX,,477,1.02,212.7,1.11,68%,141.3,0.76,0.19,0.11,0.09,40%,6%,2/36,36,362,327,92,53,44,Champions 2025
nAtsTL,,148,1.02,194.4,1.06,69%,126.7,0.69,0.18,0.11,0.11,26%,19%,4/21,27,102,96,27,16,16,Champions 2025
MaKoDRX,,477,1.01,171.7,1.02,72%,108.9,0.61,0.37,0.08,0.09,25%,13%,9/68,21,291,284,177,36,42,Champions 2025
d4v41PRX,,356,1.01,186.9,1.03,71%,127.3,0.67,0.26,0.05,0.09,27%,17%,9/54,20,238,230,93,19,31,Champions 2025
VivaXLG,,157,1.01,166.6,0.96,73%,119.6,0.60,0.29,0.06,0.07,34%,13%,3/24,23,94,98,46,10,11,Champions 2025
westsideGX,,261,1.00,187.1,1.00,66%,121.3,0.69,0.19,0.09,0.10,41%,11%,4/35,20,181,181,49,23,27,Champions 2025
madaNRG,(+2),377,1.00,214.2,1.06,66%,137.2,0.75,0.19,0.17,0.20,26%,15%,3/20,31,284,268,71,65,77,Champions 2025
crashiesFNC,,453,1.00,179.5,0.97,71%,120.3,0.62,0.28,0.06,0.08,31%,14%,7/49,22,283,292,129,28,35,Champions 2025
keikoTL,,148,1.00,200.3,0.94,70%,131.0,0.68,0.26,0.13,0.08,35%,14%,2/14,18,101,108,38,19,12,Champions 2025
Demon1DRG,,98,1.00,174.8,1.02,73%,117.0,0.65,0.16,0.04,0.04,38%,10%,2/21,21,64,63,16,4,4,Champions 2025
nobodyEDG,,119,0.99,171.0,0.97,69%,115.2,0.62,0.16,0.04,0.07,30%,27%,3/11,20,74,76,19,5,8,Champions 2025
s0mNRG,,377,0.99,197.2,0.97,75%,124.2,0.68,0.37,0.08,0.10,24%,14%,5/37,23,258,266,140,30,39,Champions 2025
artzinMIBR,,330,0.99,202.1,1.05,73%,127.0,0.66,0.38,0.12,0.15,24%,20%,3/15,24,219,209,124,41,50,Champions 2025
DHT1,,148,0.98,186.0,0.90,68%,122.4,0.64,0.39,0.07,0.11,34%,21%,4/19,27,95,106,57,10,16,Champions 2025
trentG2,,268,0.98,173.5,0.98,72%,117.6,0.62,0.24,0.03,0.08,31%,15%,6/40,21,166,170,63,7,22,Champions 2025
zekkenSEN,,126,0.98,229.3,0.94,68%,157.7,0.75,0.31,0.16,0.21,26%,22%,2/9,23,94,100,39,20,26,Champions 2025
EthanNRG,(+1),377,0.98,175.8,0.93,72%,115.1,0.60,0.42,0.07,0.11,24%,17%,4/24,23,225,243,157,28,43,Champions 2025
araGX,(+1),261,0.97,198.7,1.01,66%,133.8,0.72,0.13,0.18,0.15,29%,14%,3/21,27,189,187,35,48,40,Champions 2025
JemkinRRQ,,137,0.97,215.7,1.06,63%,132.8,0.74,0.13,0.17,0.13,35%,8%,1/13,26,102,96,18,23,18,Champions 2025
BeYNDRX,,477,0.97,170.9,0.98,71%,114.5,0.60,0.26,0.06,0.06,28%,23%,14/61,24,288,294,126,30,27,Champions 2025
xenomMIBR,,330,0.97,155.1,0.95,78%,96.1,0.55,0.53,0.05,0.06,24%,8%,3/39,18,180,190,175,18,20,Champions 2025
RargaXLG,(+3),157,0.96,208.6,0.98,73%,129.8,0.73,0.21,0.17,0.10,34%,8%,1/12,21,115,117,33,27,16,Champions 2025
N4RRATESEN,,126,0.95,190.2,0.87,70%,121.2,0.63,0.39,0.06,0.10,26%,17%,3/18,19,79,91,49,8,13,Champions 2025
domaFNC,,62,0.94,167.3,0.90,73%,119.8,0.58,0.21,0.08,0.06,29%,14%,1/7,13,36,40,13,5,4,Champions 2025
nephhBLG,,95,0.94,164.0,0.88,67%,104.8,0.56,0.29,0.05,0.08,20%,10%,1/10,18,53,60,28,5,8,Champions 2025
LeviusBLG,,95,0.93,188.0,0.99,59%,122.1,0.71,0.17,0.13,0.09,30%,6%,1/16,26,67,68,16,12,9,Champions 2025
MiniBooTH,,256,0.93,204.4,0.95,65%,134.9,0.71,0.16,0.19,0.17,26%,27%,3/11,23,183,192,41,48,44,Champions 2025
kamoTL,(+1),148,0.93,190.3,0.94,63%,128.4,0.68,0.12,0.14,0.24,32%,15%,2/13,22,100,106,18,21,36,Champions 2025
FlicklessGX,,261,0.92,173.7,0.83,74%,115.8,0.56,0.47,0.06,0.07,26%,9%,3/33,17,146,175,122,15,17,Champions 2025
MonyetRRQ,,137,0.92,174.9,0.88,69%,109.6,0.61,0.40,0.05,0.09,28%,11%,2/19,21,84,96,55,7,12,Champions 2025
KushyRRQ,,137,0.91,178.9,0.85,66%,120.7,0.63,0.29,0.07,0.12,40%,14%,2/14,20,86,101,40,10,17,Champions 2025
NiccDRG,,98,0.91,173.5,0.94,77%,121.7,0.65,0.28,0.02,0.06,34%,,0/17,25,64,68,27,2,6,Champions 2025
JonahPG2,(+1),268,0.91,172.8,0.84,71%,108.3,0.58,0.37,0.08,0.10,19%,21%,5/24,26,155,184,99,22,28,Champions 2025
benjyfishyTH,(+1),256,0.89,175.1,0.83,71%,115.0,0.59,0.28,0.06,0.07,27%,17%,6/35,25,152,184,71,16,17,Champions 2025
BoasterFNC,,453,0.89,145.2,0.77,70%,94.0,0.49,0.38,0.04,0.08,22%,16%,5/31,24,220,285,172,18,36,Champions 2025
CHICHOOEDG,(+1),119,0.89,158.2,0.90,69%,113.5,0.59,0.25,0.07,0.08,21%,15%,2/13,21,70,78,30,8,10,Champions 2025
BooTH,,256,0.88,143.7,0.74,71%,93.1,0.50,0.53,0.05,0.09,31%,17%,8/46,16,128,172,135,14,23,Champions 2025
trexxTL,(+2),148,0.87,160.1,0.73,63%,109.7,0.51,0.26,0.04,0.07,20%,4%,1/24,17,76,104,39,6,10,Champions 2025
free1ngDRX,,477,0.86,160.4,0.88,68%,107.1,0.57,0.20,0.09,0.09,35%,16%,8/51,23,270,308,97,43,43,Champions 2025
xfferoRRQ,,137,0.85,172.0,0.88,66%,113.5,0.61,0.20,0.12,0.12,27%,8%,1/12,16,83,94,27,16,16,Champions 2025
BuZzT1,,148,0.85,190.3,0.92,69%,127.4,0.70,0.25,0.06,0.18,25%,38%,3/8,31,103,112,37,9,27,Champions 2025
Flex1nDRG,,98,0.84,184.8,0.85,76%,119.0,0.62,0.40,0.10,0.12,29%,,0/9,20,61,72,39,10,12,Champions 2025
AkemanDRG,,98,0.84,196.8,0.88,62%,124.4,0.69,0.16,0.15,0.13,25%,30%,3/10,20,68,77,16,15,13,Champions 2025
PatMenPRX,,356,0.84,157.8,0.83,68%,106.5,0.55,0.21,0.04,0.06,31%,5%,2/42,21,196,235,76,14,22,Champions 2025
grubinhoGX,,261,0.83,169.1,0.80,70%,108.0,0.60,0.39,0.11,0.10,29%,22%,4/18,17,156,196,102,30,27,Champions 2025
crazyguyRRQ,(+1),137,0.82,152.0,0.71,68%,109.8,0.49,0.33,0.04,0.09,24%,13%,3/24,15,67,94,45,5,12,Champions 2025
Jieni7EDG,(+1),119,0.82,191.8,0.83,67%,117.9,0.65,0.23,0.12,0.08,26%,,0/2,21,77,93,27,14,10,Champions 2025
paTiTekTL,(+1),148,0.81,156.9,0.74,66%,101.1,0.53,0.36,0.03,0.05,27%,9%,1/11,16,78,106,54,4,8,Champions 2025
ZellsisSEN,(+1),126,0.80,152.3,0.77,67%,99.7,0.54,0.27,0.13,0.11,20%,,0/13,16,68,88,34,17,14,Champions 2025
bangSEN,,126,0.79,140.8,0.79,67%,92.4,0.53,0.29,0.06,0.09,35%,11%,1/9,15,67,85,37,7,11,Champions 2025
coconutXLG,,157,0.77,149.6,0.71,71%,92.6,0.50,0.44,0.08,0.07,30%,,0/11,16,79,112,69,12,11,Champions 2025
staxT1,,148,0.75,146.5,0.69,66%,98.8,0.49,0.31,0.03,0.07,38%,10%,2/20,16,73,106,46,4,10,Champions 2025
rushiaBLG,,95,0.72,147.6,0.59,64%,102.3,0.45,0.33,0.06,0.11,19%,,0/12,12,43,73,31,6,10,Champions 2025
whzyBLG,,95,0.63,154.4,0.61,64%,101.9,0.52,0.22,0.11,0.19,31%,,0/2,13,49,80,21,10,18,Champions 2025
